user,objects,qoe,time
19,Soldier_r3_r3_d500,7,2023-03-20-09:29:29+01:00
19,Soldier_r3_r3_d250,5,2023-03-20-09:29:47+01:00
19,RedAndBlack_r3_r3_d125,5,2023-03-20-09:30:01+01:00
19,Soldier_r5_r5_d250,7,2023-03-20-09:30:16+01:00
19,Soldier_r5_r5_d500,8,2023-03-20-09:30:30+01:00
19,RedAndBlack_r1_r1_d250,4,2023-03-20-09:30:47+01:00
19,RedAndBlack_r1_r1_d500,4,2023-03-20-09:30:59+01:00
19,RedAndBlack_r3_r3_d500,6,2023-03-20-09:31:16+01:00
19,RedAndBlack_r5_r5_d500,8,2023-03-20-09:31:31+01:00
19,Soldier_r1_r1_d250,2,2023-03-20-09:31:47+01:00
19,RedAndBlack_r5_r5_d250,5,2023-03-20-09:32:03+01:00
19,RedAndBlack_r1_r1_d125,3,2023-03-20-09:32:19+01:00
19,RedAndBlack_r3_r3_d250,4,2023-03-20-09:32:33+01:00
19,RedAndBlack_r5_r5_d125,7,2023-03-20-09:32:48+01:00
19,Soldier_r1_r1_d500,5,2023-03-20-09:33:04+01:00
19,Soldier_r5_r5_d125,5,2023-03-20-09:33:16+01:00
19,Soldier_r1_r1_d125,1,2023-03-20-09:33:30+01:00
19,Soldier_r3_r3_d125,3,2023-03-20-09:33:45+01:00
19,Loot_r3_r3_d500,3,2023-03-20-09:33:58+01:00
19,Loot_r1_r3_d500,1,2023-03-20-09:34:12+01:00
19,LongDress_r5_r5_d500,3,2023-03-20-09:34:26+01:00
19,LongDress_r1_r1_d500,1,2023-03-20-09:34:41+01:00
19,LongDress_r5_r3_d500,3,2023-03-20-09:34:56+01:00
19,Loot_r3_r1_d500,1,2023-03-20-09:35:09+01:00
19,LongDress_r3_r5_d500,3,2023-03-20-09:35:25+01:00
19,Loot_r5_r5_d500,4,2023-03-20-09:35:40+01:00
19,LongDress_r1_r3_d500,1,2023-03-20-09:35:53+01:00
19,LongDress_r1_r5_d500,2,2023-03-20-09:36:10+01:00
19,Loot_r1_r1_d500,1,2023-03-20-09:36:24+01:00
19,LongDress_r3_r3_d500,3,2023-03-20-09:36:40+01:00
19,LongDress_r5_r1_d500,4,2023-03-20-09:37:14+01:00
19,Loot_r3_r5_d500,4,2023-03-20-09:37:27+01:00
19,Loot_r1_r5_d500,3,2023-03-20-09:37:42+01:00
19,LongDress_r3_r1_d500,1,2023-03-20-09:37:57+01:00
19,Loot_r5_r3_d500,4,2023-03-20-09:38:13+01:00
19,Loot_r5_r1_d500,1,2023-03-20-09:38:27+01:00
20,Loot_r3_r3_d500,7,2023-03-20-09:59:16+01:00
20,LongDress_r1_r1_d500,6,2023-03-20-09:59:41+01:00
20,Loot_r3_r1_d500,5,2023-03-20-10:00:08+01:00
20,Loot_r1_r3_d500,6,2023-03-20-10:00:23+01:00
20,Loot_r5_r1_d500,4,2023-03-20-10:00:40+01:00
20,LongDress_r3_r5_d500,6,2023-03-20-10:00:54+01:00
20,LongDress_r1_r3_d500,4,2023-03-20-10:01:10+01:00
20,LongDress_r5_r3_d500,7,2023-03-20-10:01:32+01:00
20,Loot_r5_r3_d500,7,2023-03-20-10:01:51+01:00
20,LongDress_r3_r3_d500,7,2023-03-20-10:02:03+01:00
20,Loot_r1_r1_d500,3,2023-03-20-10:02:22+01:00
20,LongDress_r3_r1_d500,4,2023-03-20-10:02:43+01:00
20,LongDress_r1_r5_d500,4,2023-03-20-10:02:57+01:00
20,Loot_r1_r5_d500,4,2023-03-20-10:03:10+01:00
20,Loot_r3_r5_d500,7,2023-03-20-10:03:27+01:00
20,LongDress_r5_r1_d500,5,2023-03-20-10:03:55+01:00
20,Loot_r5_r5_d500,7,2023-03-20-10:04:21+01:00
20,LongDress_r5_r5_d500,7,2023-03-20-10:04:33+01:00
20,RedAndBlack_r1_r1_d250,4,2023-03-20-10:05:00+01:00
20,RedAndBlack_r3_r3_d250,6,2023-03-20-10:05:18+01:00
20,RedAndBlack_r5_r5_d250,8,2023-03-20-10:05:44+01:00
20,Soldier_r1_r1_d125,1,2023-03-20-10:06:04+01:00
20,Soldier_r5_r5_d500,7,2023-03-20-10:06:22+01:00
20,Soldier_r5_r5_d125,1,2023-03-20-10:06:40+01:00
20,RedAndBlack_r3_r3_d125,6,2023-03-20-10:07:01+01:00
20,Soldier_r3_r3_d125,3,2023-03-20-10:07:21+01:00
20,Soldier_r3_r3_d500,6,2023-03-20-10:07:36+01:00
20,RedAndBlack_r3_r3_d500,7,2023-03-20-10:07:52+01:00
20,RedAndBlack_r5_r5_d500,8,2023-03-20-10:08:11+01:00
20,RedAndBlack_r5_r5_d125,5,2023-03-20-10:08:31+01:00
20,Soldier_r1_r1_d250,2,2023-03-20-10:08:45+01:00
20,RedAndBlack_r1_r1_d500,4,2023-03-20-10:09:00+01:00
20,RedAndBlack_r1_r1_d125,2,2023-03-20-10:09:14+01:00
20,Soldier_r1_r1_d500,3,2023-03-20-10:09:27+01:00
20,Soldier_r5_r5_d250,4,2023-03-20-10:09:43+01:00
20,Soldier_r3_r3_d250,3,2023-03-20-10:09:56+01:00
21,RedAndBlack_r5_r5_d500,8,2023-03-20-10:37:30+01:00
21,Soldier_r1_r1_d500,3,2023-03-20-10:37:49+01:00
21,RedAndBlack_r3_r3_d125,4,2023-03-20-10:38:08+01:00
21,RedAndBlack_r5_r5_d125,6,2023-03-20-10:38:24+01:00
21,Soldier_r5_r5_d250,7,2023-03-20-10:38:40+01:00
21,RedAndBlack_r3_r3_d250,5,2023-03-20-10:38:57+01:00
21,RedAndBlack_r3_r3_d500,5,2023-03-20-10:39:09+01:00
21,Soldier_r1_r1_d250,2,2023-03-20-10:39:25+01:00
21,RedAndBlack_r1_r1_d500,2,2023-03-20-10:39:38+01:00
21,Soldier_r5_r5_d125,5,2023-03-20-10:39:58+01:00
21,Soldier_r5_r5_d500,8,2023-03-20-10:40:17+01:00
21,Soldier_r3_r3_d500,5,2023-03-20-10:40:33+01:00
21,RedAndBlack_r1_r1_d125,1,2023-03-20-10:40:49+01:00
21,Soldier_r1_r1_d125,1,2023-03-20-10:41:01+01:00
21,Soldier_r3_r3_d250,6,2023-03-20-10:41:18+01:00
21,Soldier_r3_r3_d125,5,2023-03-20-10:41:35+01:00
21,RedAndBlack_r5_r5_d250,6,2023-03-20-10:41:50+01:00
21,RedAndBlack_r1_r1_d250,4,2023-03-20-10:42:05+01:00
21,LongDress_r5_r3_d500,6,2023-03-20-10:42:26+01:00
21,Loot_r5_r5_d500,8,2023-03-20-10:42:42+01:00
21,Loot_r1_r5_d500,6,2023-03-20-10:42:59+01:00
21,LongDress_r3_r5_d500,5,2023-03-20-10:43:15+01:00
21,LongDress_r1_r5_d500,4,2023-03-20-10:43:31+01:00
21,Loot_r1_r3_d500,4,2023-03-20-10:43:42+01:00
21,Loot_r3_r3_d500,7,2023-03-20-10:43:57+01:00
21,LongDress_r5_r1_d500,4,2023-03-20-10:44:16+01:00
21,LongDress_r3_r1_d500,5,2023-03-20-10:44:30+01:00
21,LongDress_r5_r5_d500,7,2023-03-20-10:44:46+01:00
21,Loot_r5_r1_d500,5,2023-03-20-10:45:00+01:00
21,Loot_r3_r1_d500,4,2023-03-20-10:45:15+01:00
21,Loot_r3_r5_d500,8,2023-03-20-10:45:31+01:00
21,Loot_r1_r1_d500,5,2023-03-20-10:45:47+01:00
21,LongDress_r3_r3_d500,5,2023-03-20-10:45:58+01:00
21,LongDress_r1_r1_d500,3,2023-03-20-10:46:13+01:00
21,LongDress_r1_r3_d500,2,2023-03-20-10:46:29+01:00
21,Loot_r5_r3_d500,5,2023-03-20-10:46:43+01:00
22,LongDress_r1_r3_d500,7,2023-03-20-11:16:08+01:00
22,LongDress_r3_r5_d500,7,2023-03-20-11:16:23+01:00
22,LongDress_r3_r3_d500,6,2023-03-20-11:16:49+01:00
22,LongDress_r1_r1_d500,5,2023-03-20-11:17:13+01:00
22,Loot_r5_r1_d500,8,2023-03-20-11:17:32+01:00
22,Loot_r1_r5_d500,7,2023-03-20-11:17:55+01:00
22,Loot_r5_r3_d500,8,2023-03-20-11:18:16+01:00
22,Loot_r5_r5_d500,8,2023-03-20-11:18:27+01:00
22,Loot_r3_r1_d500,6,2023-03-20-11:18:43+01:00
22,Loot_r3_r5_d500,7,2023-03-20-11:19:04+01:00
22,LongDress_r3_r1_d500,6,2023-03-20-11:19:18+01:00
22,Loot_r3_r3_d500,7,2023-03-20-11:19:34+01:00
22,LongDress_r5_r1_d500,6,2023-03-20-11:19:47+01:00
22,LongDress_r1_r5_d500,6,2023-03-20-11:20:02+01:00
22,LongDress_r5_r5_d500,8,2023-03-20-11:20:22+01:00
22,Loot_r1_r3_d500,6,2023-03-20-11:20:42+01:00
22,LongDress_r5_r3_d500,7,2023-03-20-11:21:00+01:00
22,Loot_r1_r1_d500,6,2023-03-20-11:21:14+01:00
22,Soldier_r5_r5_d500,8,2023-03-20-11:23:05+01:00
22,Soldier_r1_r1_d500,6,2023-03-20-11:23:19+01:00
22,Soldier_r1_r1_d125,6,2023-03-20-11:23:38+01:00
22,RedAndBlack_r5_r5_d250,7,2023-03-20-11:23:59+01:00
22,Soldier_r3_r3_d125,7,2023-03-20-11:24:13+01:00
22,RedAndBlack_r3_r3_d500,7,2023-03-20-11:24:27+01:00
22,RedAndBlack_r1_r1_d250,6,2023-03-20-11:24:45+01:00
22,Soldier_r3_r3_d250,8,2023-03-20-11:25:07+01:00
22,RedAndBlack_r1_r1_d125,6,2023-03-20-11:25:22+01:00
22,Soldier_r5_r5_d125,8,2023-03-20-11:25:47+01:00
22,RedAndBlack_r5_r5_d125,8,2023-03-20-11:26:00+01:00
22,Soldier_r1_r1_d250,6,2023-03-20-11:26:20+01:00
22,RedAndBlack_r1_r1_d500,6,2023-03-20-11:26:33+01:00
22,Soldier_r5_r5_d250,8,2023-03-20-11:26:52+01:00
22,RedAndBlack_r5_r5_d500,7,2023-03-20-11:27:14+01:00
22,Soldier_r3_r3_d500,7,2023-03-20-11:27:26+01:00
22,RedAndBlack_r3_r3_d250,7,2023-03-20-11:27:46+01:00
22,RedAndBlack_r3_r3_d125,6,2023-03-20-11:28:06+01:00
23,RedAndBlack_r1_r1_d250,3,2023-03-20-13:22:09+01:00
23,RedAndBlack_r5_r5_d125,5,2023-03-20-13:22:37+01:00
23,Soldier_r5_r5_d125,3,2023-03-20-13:22:54+01:00
23,Soldier_r3_r3_d500,5,2023-03-20-13:23:11+01:00
23,RedAndBlack_r1_r1_d125,2,2023-03-20-13:23:30+01:00
23,RedAndBlack_r5_r5_d250,6,2023-03-20-13:23:50+01:00
23,RedAndBlack_r3_r3_d250,5,2023-03-20-13:24:05+01:00
23,RedAndBlack_r3_r3_d125,3,2023-03-20-13:24:21+01:00
23,Soldier_r5_r5_d250,5,2023-03-20-13:24:36+01:00
23,Soldier_r1_r1_d500,3,2023-03-20-13:24:52+01:00
23,RedAndBlack_r3_r3_d500,5,2023-03-20-13:25:07+01:00
23,Soldier_r3_r3_d125,3,2023-03-20-13:25:21+01:00
23,RedAndBlack_r5_r5_d500,7,2023-03-20-13:25:35+01:00
23,RedAndBlack_r1_r1_d500,4,2023-03-20-13:25:48+01:00
23,Soldier_r1_r1_d125,2,2023-03-20-13:26:04+01:00
23,Soldier_r5_r5_d500,6,2023-03-20-13:26:17+01:00
23,Soldier_r1_r1_d250,4,2023-03-20-13:26:30+01:00
23,Soldier_r3_r3_d250,5,2023-03-20-13:26:43+01:00
23,LongDress_r5_r5_d500,7,2023-03-20-13:27:03+01:00
23,LongDress_r5_r1_d500,5,2023-03-20-13:27:17+01:00
23,Loot_r5_r1_d500,5,2023-03-20-13:27:29+01:00
23,Loot_r3_r3_d500,7,2023-03-20-13:27:42+01:00
23,Loot_r5_r5_d500,8,2023-03-20-13:27:56+01:00
23,LongDress_r3_r3_d500,6,2023-03-20-13:28:10+01:00
23,LongDress_r3_r1_d500,4,2023-03-20-13:28:23+01:00
23,LongDress_r5_r3_d500,6,2023-03-20-13:28:39+01:00
23,Loot_r3_r1_d500,4,2023-03-20-13:28:53+01:00
23,LongDress_r1_r5_d500,6,2023-03-20-13:29:07+01:00
23,Loot_r1_r1_d500,4,2023-03-20-13:29:21+01:00
23,LongDress_r3_r5_d500,6,2023-03-20-13:29:36+01:00
23,LongDress_r1_r1_d500,4,2023-03-20-13:29:50+01:00
23,Loot_r1_r3_d500,4,2023-03-20-13:30:01+01:00
23,Loot_r3_r5_d500,7,2023-03-20-13:30:16+01:00
23,Loot_r5_r3_d500,7,2023-03-20-13:30:27+01:00
23,Loot_r1_r5_d500,4,2023-03-20-13:30:45+01:00
23,LongDress_r1_r3_d500,4,2023-03-20-13:30:59+01:00
24,Loot_r5_r1_d500,4,2023-03-20-14:10:01+01:00
24,LongDress_r5_r5_d500,9,2023-03-20-14:10:16+01:00
24,LongDress_r1_r1_d500,3,2023-03-20-14:10:44+01:00
24,LongDress_r3_r1_d500,5,2023-03-20-14:10:58+01:00
24,Loot_r3_r3_d500,7,2023-03-20-14:11:14+01:00
24,LongDress_r5_r1_d500,4,2023-03-20-14:11:27+01:00
24,Loot_r1_r1_d500,5,2023-03-20-14:11:47+01:00
24,Loot_r1_r3_d500,7,2023-03-20-14:12:00+01:00
24,LongDress_r1_r3_d500,5,2023-03-20-14:12:18+01:00
24,Loot_r1_r5_d500,6,2023-03-20-14:12:47+01:00
24,LongDress_r3_r3_d500,9,2023-03-20-14:13:01+01:00
24,LongDress_r3_r5_d500,10,2023-03-20-14:13:16+01:00
24,Loot_r3_r1_d500,6,2023-03-20-14:13:32+01:00
24,Loot_r5_r5_d500,10,2023-03-20-14:13:44+01:00
24,Loot_r3_r5_d500,10,2023-03-20-14:13:55+01:00
24,Loot_r5_r3_d500,10,2023-03-20-14:14:07+01:00
24,LongDress_r1_r5_d500,6,2023-03-20-14:14:21+01:00
24,LongDress_r5_r3_d500,7,2023-03-20-14:14:35+01:00
24,RedAndBlack_r3_r3_d125,2,2023-03-20-14:15:05+01:00
24,Soldier_r3_r3_d250,4,2023-03-20-14:15:17+01:00
24,Soldier_r5_r5_d125,4,2023-03-20-14:15:29+01:00
24,RedAndBlack_r1_r1_d125,1,2023-03-20-14:15:42+01:00
24,Soldier_r1_r1_d250,1,2023-03-20-14:15:54+01:00
24,RedAndBlack_r3_r3_d250,6,2023-03-20-14:16:06+01:00
24,RedAndBlack_r5_r5_d500,9,2023-03-20-14:16:19+01:00
24,Soldier_r5_r5_d500,8,2023-03-20-14:16:33+01:00
24,RedAndBlack_r1_r1_d250,1,2023-03-20-14:16:45+01:00
24,RedAndBlack_r5_r5_d125,7,2023-03-20-14:17:00+01:00
24,RedAndBlack_r1_r1_d500,3,2023-03-20-14:17:14+01:00
24,Soldier_r3_r3_d125,1,2023-03-20-14:17:29+01:00
24,Soldier_r1_r1_d500,1,2023-03-20-14:17:42+01:00
24,RedAndBlack_r5_r5_d250,9,2023-03-20-14:17:55+01:00
24,RedAndBlack_r3_r3_d500,10,2023-03-20-14:18:09+01:00
24,Soldier_r5_r5_d250,8,2023-03-20-14:18:25+01:00
24,Soldier_r1_r1_d125,1,2023-03-20-14:18:40+01:00
24,Soldier_r3_r3_d500,7,2023-03-20-14:19:02+01:00
25,RedAndBlack_r3_r3_d250,4,2023-03-20-15:14:07+01:00
25,RedAndBlack_r5_r5_d250,4,2023-03-20-15:14:21+01:00
25,RedAndBlack_r1_r1_d500,3,2023-03-20-15:14:42+01:00
25,RedAndBlack_r5_r5_d125,6,2023-03-20-15:15:01+01:00
25,RedAndBlack_r3_r3_d500,5,2023-03-20-15:15:21+01:00
25,Soldier_r5_r5_d250,6,2023-03-20-15:15:38+01:00
25,RedAndBlack_r5_r5_d500,7,2023-03-20-15:15:54+01:00
25,RedAndBlack_r1_r1_d250,3,2023-03-20-15:16:12+01:00
25,RedAndBlack_r3_r3_d125,5,2023-03-20-15:16:29+01:00
25,Soldier_r1_r1_d125,2,2023-03-20-15:16:47+01:00
25,RedAndBlack_r1_r1_d125,2,2023-03-20-15:16:59+01:00
25,Soldier_r1_r1_d500,4,2023-03-20-15:17:18+01:00
25,Soldier_r5_r5_d500,7,2023-03-20-15:17:35+01:00
25,Soldier_r3_r3_d125,4,2023-03-20-15:17:54+01:00
25,Soldier_r3_r3_d250,5,2023-03-20-15:18:09+01:00
25,Soldier_r1_r1_d250,3,2023-03-20-15:18:31+01:00
25,Soldier_r5_r5_d125,6,2023-03-20-15:18:47+01:00
25,Soldier_r3_r3_d500,6,2023-03-20-15:19:05+01:00
25,LongDress_r3_r5_d500,7,2023-03-20-15:19:23+01:00
25,Loot_r5_r5_d500,8,2023-03-20-15:19:37+01:00
25,Loot_r1_r1_d500,5,2023-03-20-15:19:56+01:00
25,LongDress_r1_r5_d500,5,2023-03-20-15:20:08+01:00
25,Loot_r5_r1_d500,4,2023-03-20-15:20:24+01:00
25,LongDress_r1_r1_d500,4,2023-03-20-15:20:36+01:00
25,LongDress_r1_r3_d500,4,2023-03-20-15:20:48+01:00
25,Loot_r1_r3_d500,4,2023-03-20-15:21:04+01:00
25,LongDress_r3_r1_d500,5,2023-03-20-15:21:18+01:00
25,Loot_r5_r3_d500,7,2023-03-20-15:21:33+01:00
25,Loot_r3_r3_d500,8,2023-03-20-15:21:48+01:00
25,Loot_r1_r5_d500,3,2023-03-20-15:22:04+01:00
25,Loot_r3_r5_d500,5,2023-03-20-15:22:19+01:00
25,LongDress_r5_r5_d500,7,2023-03-20-15:22:34+01:00
25,LongDress_r5_r3_d500,8,2023-03-20-15:22:49+01:00
25,Loot_r3_r1_d500,4,2023-03-20-15:23:06+01:00
25,LongDress_r5_r1_d500,3,2023-03-20-15:23:25+01:00
25,LongDress_r3_r3_d500,5,2023-03-20-15:23:40+01:00
26,RedAndBlack_r3_r3_d500,7,2023-03-20-15:30:55+01:00
26,RedAndBlack_r3_r3_d250,6,2023-03-20-15:31:12+01:00
26,Soldier_r1_r1_d500,3,2023-03-20-15:31:40+01:00
26,RedAndBlack_r1_r1_d500,5,2023-03-20-15:31:55+01:00
26,Soldier_r1_r1_d125,2,2023-03-20-15:32:25+01:00
26,RedAndBlack_r5_r5_d250,6,2023-03-20-15:32:40+01:00
26,Soldier_r3_r3_d125,5,2023-03-20-15:32:54+01:00
26,Soldier_r3_r3_d500,8,2023-03-20-15:33:08+01:00
26,RedAndBlack_r1_r1_d250,4,2023-03-20-15:33:22+01:00
26,RedAndBlack_r1_r1_d125,3,2023-03-20-15:33:35+01:00
26,Soldier_r5_r5_d500,9,2023-03-20-15:33:50+01:00
26,Soldier_r3_r3_d250,7,2023-03-20-15:34:05+01:00
26,RedAndBlack_r5_r5_d500,8,2023-03-20-15:34:20+01:00
26,RedAndBlack_r3_r3_d125,5,2023-03-20-15:34:53+01:00
26,Soldier_r5_r5_d125,5,2023-03-20-15:35:04+01:00
26,Soldier_r5_r5_d250,7,2023-03-20-15:35:17+01:00
26,RedAndBlack_r5_r5_d125,4,2023-03-20-15:35:34+01:00
26,Soldier_r1_r1_d250,1,2023-03-20-15:35:47+01:00
26,LongDress_r5_r1_d500,7,2023-03-20-15:36:26+01:00
26,Loot_r5_r5_d500,7,2023-03-20-15:36:37+01:00
26,LongDress_r3_r1_d500,5,2023-03-20-15:36:51+01:00
26,Loot_r1_r1_d500,3,2023-03-20-15:37:08+01:00
26,Loot_r1_r5_d500,7,2023-03-20-15:37:25+01:00
26,LongDress_r1_r3_d500,7,2023-03-20-15:37:36+01:00
26,LongDress_r3_r3_d500,8,2023-03-20-15:37:52+01:00
26,Loot_r1_r3_d500,6,2023-03-20-15:38:06+01:00
26,LongDress_r1_r1_d500,3,2023-03-20-15:38:21+01:00
26,LongDress_r5_r5_d500,8,2023-03-20-15:38:35+01:00
26,LongDress_r5_r3_d500,8,2023-03-20-15:38:48+01:00
26,Loot_r3_r3_d500,7,2023-03-20-15:39:02+01:00
26,LongDress_r1_r5_d500,5,2023-03-20-15:39:24+01:00
26,Loot_r3_r5_d500,7,2023-03-20-15:39:37+01:00
26,Loot_r5_r3_d500,6,2023-03-20-15:39:49+01:00
26,Loot_r5_r1_d500,4,2023-03-20-15:40:02+01:00
26,Loot_r3_r1_d500,4,2023-03-20-15:40:13+01:00
26,LongDress_r3_r5_d500,6,2023-03-20-15:40:27+01:00
28,LongDress_r3_r1_d500,6,2023-03-21-09:56:32+01:00
28,Loot_r1_r1_d500,6,2023-03-21-09:56:49+01:00
28,Loot_r1_r3_d500,5,2023-03-21-09:57:03+01:00
28,LongDress_r3_r5_d500,6,2023-03-21-09:57:25+01:00
28,LongDress_r5_r3_d500,7,2023-03-21-09:57:59+01:00
28,LongDress_r1_r1_d500,5,2023-03-21-09:58:21+01:00
28,Loot_r1_r5_d500,6,2023-03-21-09:58:48+01:00
28,LongDress_r5_r1_d500,6,2023-03-21-09:59:00+01:00
28,LongDress_r1_r3_d500,6,2023-03-21-09:59:12+01:00
28,LongDress_r5_r5_d500,7,2023-03-21-09:59:31+01:00
28,Loot_r5_r5_d500,8,2023-03-21-09:59:51+01:00
28,LongDress_r1_r5_d500,5,2023-03-21-10:00:11+01:00
28,Loot_r5_r1_d500,8,2023-03-21-10:00:26+01:00
28,Loot_r3_r1_d500,8,2023-03-21-10:00:38+01:00
28,Loot_r3_r5_d500,9,2023-03-21-10:00:54+01:00
28,Loot_r3_r3_d500,9,2023-03-21-10:01:05+01:00
28,Loot_r5_r3_d500,9,2023-03-21-10:01:16+01:00
28,LongDress_r3_r3_d500,8,2023-03-21-10:01:32+01:00
28,Soldier_r3_r3_d250,6,2023-03-21-10:01:57+01:00
28,Soldier_r5_r5_d250,7,2023-03-21-10:02:18+01:00
28,Soldier_r3_r3_d500,5,2023-03-21-10:02:34+01:00
28,Soldier_r1_r1_d125,2,2023-03-21-10:03:03+01:00
28,Soldier_r5_r5_d125,5,2023-03-21-10:03:28+01:00
28,Soldier_r1_r1_d500,4,2023-03-21-10:03:49+01:00
28,RedAndBlack_r1_r1_d500,5,2023-03-21-10:04:13+01:00
28,Soldier_r3_r3_d125,3,2023-03-21-10:04:31+01:00
28,RedAndBlack_r1_r1_d125,2,2023-03-21-10:04:46+01:00
28,RedAndBlack_r1_r1_d250,3,2023-03-21-10:05:07+01:00
28,RedAndBlack_r5_r5_d250,5,2023-03-21-10:05:26+01:00
28,RedAndBlack_r5_r5_d125,5,2023-03-21-10:05:38+01:00
28,RedAndBlack_r5_r5_d500,6,2023-03-21-10:05:58+01:00
28,Soldier_r1_r1_d250,3,2023-03-21-10:06:17+01:00
28,Soldier_r5_r5_d500,8,2023-03-21-10:06:40+01:00
28,RedAndBlack_r3_r3_d250,6,2023-03-21-10:06:56+01:00
28,RedAndBlack_r3_r3_d125,5,2023-03-21-10:07:12+01:00
28,RedAndBlack_r3_r3_d500,7,2023-03-21-10:07:29+01:00
29,LongDress_r3_r5_d500,7,2023-03-21-10:28:11+01:00
29,Loot_r1_r1_d500,2,2023-03-21-10:28:38+01:00
29,Loot_r1_r3_d500,3,2023-03-21-10:28:57+01:00
29,LongDress_r5_r3_d500,3,2023-03-21-10:29:24+01:00
29,LongDress_r5_r1_d500,5,2023-03-21-10:29:47+01:00
29,Loot_r3_r3_d500,7,2023-03-21-10:30:04+01:00
29,LongDress_r1_r1_d500,5,2023-03-21-10:30:17+01:00
29,Loot_r3_r5_d500,7,2023-03-21-10:30:36+01:00
29,Loot_r3_r1_d500,4,2023-03-21-10:30:56+01:00
29,Loot_r5_r5_d500,7,2023-03-21-10:31:13+01:00
29,Loot_r5_r1_d500,4,2023-03-21-10:31:50+01:00
29,LongDress_r5_r5_d500,6,2023-03-21-10:32:13+01:00
29,LongDress_r3_r3_d500,6,2023-03-21-10:32:29+01:00
29,Loot_r1_r5_d500,5,2023-03-21-10:32:47+01:00
29,LongDress_r1_r3_d500,4,2023-03-21-10:33:02+01:00
29,Loot_r5_r3_d500,7,2023-03-21-10:33:18+01:00
29,LongDress_r1_r5_d500,4,2023-03-21-10:33:34+01:00
29,LongDress_r3_r1_d500,4,2023-03-21-10:33:45+01:00
29,Soldier_r5_r5_d500,7,2023-03-21-10:34:14+01:00
29,RedAndBlack_r5_r5_d500,6,2023-03-21-10:34:32+01:00
29,Soldier_r3_r3_d500,3,2023-03-21-10:34:50+01:00
29,Soldier_r1_r1_d250,1,2023-03-21-10:35:10+01:00
29,RedAndBlack_r5_r5_d250,4,2023-03-21-10:35:34+01:00
29,Soldier_r1_r1_d125,1,2023-03-21-10:35:48+01:00
29,Soldier_r3_r3_d250,3,2023-03-21-10:36:09+01:00
29,RedAndBlack_r3_r3_d250,2,2023-03-21-10:36:27+01:00
29,Soldier_r1_r1_d500,5,2023-03-21-10:36:45+01:00
29,RedAndBlack_r3_r3_d500,4,2023-03-21-10:37:04+01:00
29,RedAndBlack_r1_r1_d250,2,2023-03-21-10:37:18+01:00
29,Soldier_r3_r3_d125,2,2023-03-21-10:37:30+01:00
29,Soldier_r5_r5_d125,3,2023-03-21-10:37:45+01:00
29,RedAndBlack_r3_r3_d125,2,2023-03-21-10:38:01+01:00
29,RedAndBlack_r1_r1_d500,3,2023-03-21-10:38:26+01:00
29,RedAndBlack_r5_r5_d125,3,2023-03-21-10:38:40+01:00
29,Soldier_r5_r5_d250,4,2023-03-21-10:38:59+01:00
29,RedAndBlack_r1_r1_d125,1,2023-03-21-10:39:16+01:00
30,RedAndBlack_r1_r1_d250,2,2023-03-21-11:03:29+01:00
30,RedAndBlack_r5_r5_d125,3,2023-03-21-11:03:50+01:00
30,RedAndBlack_r3_r3_d500,5,2023-03-21-11:04:07+01:00
30,RedAndBlack_r5_r5_d500,5,2023-03-21-11:04:19+01:00
30,Soldier_r5_r5_d125,3,2023-03-21-11:04:32+01:00
30,Soldier_r5_r5_d250,4,2023-03-21-11:04:48+01:00
30,Soldier_r1_r1_d500,4,2023-03-21-11:05:01+01:00
30,Soldier_r5_r5_d500,6,2023-03-21-11:05:28+01:00
30,Soldier_r1_r1_d250,2,2023-03-21-11:05:49+01:00
30,RedAndBlack_r1_r1_d125,2,2023-03-21-11:06:01+01:00
30,Soldier_r3_r3_d250,5,2023-03-21-11:06:19+01:00
30,RedAndBlack_r3_r3_d250,7,2023-03-21-11:06:44+01:00
30,RedAndBlack_r1_r1_d500,6,2023-03-21-11:07:05+01:00
30,Soldier_r1_r1_d125,2,2023-03-21-11:07:20+01:00
30,RedAndBlack_r5_r5_d250,4,2023-03-21-11:07:36+01:00
30,RedAndBlack_r3_r3_d125,4,2023-03-21-11:07:48+01:00
30,Soldier_r3_r3_d125,5,2023-03-21-11:08:05+01:00
30,Soldier_r3_r3_d500,7,2023-03-21-11:08:21+01:00
30,LongDress_r5_r5_d500,7,2023-03-21-11:08:45+01:00
30,Loot_r3_r3_d500,6,2023-03-21-11:08:58+01:00
30,Loot_r1_r3_d500,4,2023-03-21-11:09:12+01:00
30,Loot_r1_r5_d500,4,2023-03-21-11:09:26+01:00
30,Loot_r5_r3_d500,5,2023-03-21-11:09:38+01:00
30,LongDress_r5_r1_d500,5,2023-03-21-11:09:54+01:00
30,LongDress_r1_r5_d500,3,2023-03-21-11:10:09+01:00
30,LongDress_r5_r3_d500,6,2023-03-21-11:10:25+01:00
30,Loot_r3_r5_d500,7,2023-03-21-11:10:44+01:00
30,Loot_r5_r5_d500,7,2023-03-21-11:10:56+01:00
30,Loot_r1_r1_d500,4,2023-03-21-11:11:10+01:00
30,LongDress_r3_r5_d500,5,2023-03-21-11:11:27+01:00
30,LongDress_r3_r3_d500,4,2023-03-21-11:11:42+01:00
30,LongDress_r1_r1_d500,2,2023-03-21-11:12:01+01:00
30,LongDress_r3_r1_d500,2,2023-03-21-11:12:15+01:00
30,Loot_r5_r1_d500,4,2023-03-21-11:12:30+01:00
30,LongDress_r1_r3_d500,4,2023-03-21-11:12:48+01:00
30,Loot_r3_r1_d500,4,2023-03-21-11:13:02+01:00
31,LongDress_r5_r5_d500,4,2023-03-21-11:54:51+01:00
31,LongDress_r3_r3_d500,5,2023-03-21-11:55:14+01:00
31,LongDress_r5_r3_d500,2,2023-03-21-11:55:40+01:00
31,Loot_r3_r3_d500,6,2023-03-21-11:55:59+01:00
31,Loot_r1_r1_d500,3,2023-03-21-11:56:20+01:00
31,Loot_r1_r3_d500,4,2023-03-21-11:56:39+01:00
31,LongDress_r1_r5_d500,2,2023-03-21-11:57:00+01:00
31,Loot_r5_r5_d500,8,2023-03-21-11:57:26+01:00
31,LongDress_r3_r1_d500,3,2023-03-21-11:57:50+01:00
31,LongDress_r3_r5_d500,3,2023-03-21-11:58:04+01:00
31,LongDress_r1_r3_d500,2,2023-03-21-11:58:27+01:00
31,Loot_r3_r5_d500,6,2023-03-21-11:58:49+01:00
31,Loot_r3_r1_d500,5,2023-03-21-11:59:12+01:00
31,LongDress_r1_r1_d500,1,2023-03-21-11:59:32+01:00
31,Loot_r1_r5_d500,3,2023-03-21-11:59:55+01:00
31,LongDress_r5_r1_d500,1,2023-03-21-12:00:29+01:00
31,Loot_r5_r3_d500,9,2023-03-21-12:01:03+01:00
31,Loot_r5_r1_d500,4,2023-03-21-12:01:23+01:00
31,RedAndBlack_r1_r1_d250,2,2023-03-21-12:03:43+01:00
31,RedAndBlack_r5_r5_d250,4,2023-03-21-12:04:03+01:00
31,Soldier_r1_r1_d500,2,2023-03-21-12:04:23+01:00
31,Soldier_r1_r1_d125,1,2023-03-21-12:04:43+01:00
31,Soldier_r5_r5_d250,9,2023-03-21-12:05:05+01:00
31,Soldier_r1_r1_d250,2,2023-03-21-12:05:30+01:00
31,RedAndBlack_r3_r3_d250,7,2023-03-21-12:05:49+01:00
31,RedAndBlack_r1_r1_d125,5,2023-03-21-12:06:11+01:00
31,Soldier_r3_r3_d125,3,2023-03-21-12:06:38+01:00
31,Soldier_r3_r3_d500,7,2023-03-21-12:07:02+01:00
31,RedAndBlack_r5_r5_d500,6,2023-03-21-12:07:20+01:00
31,Soldier_r5_r5_d500,9,2023-03-21-12:07:38+01:00
31,RedAndBlack_r5_r5_d125,5,2023-03-21-12:08:04+01:00
31,RedAndBlack_r3_r3_d500,7,2023-03-21-12:08:28+01:00
31,RedAndBlack_r1_r1_d500,5,2023-03-21-12:08:45+01:00
31,Soldier_r5_r5_d125,5,2023-03-21-12:09:00+01:00
31,RedAndBlack_r3_r3_d125,5,2023-03-21-12:09:15+01:00
31,Soldier_r3_r3_d250,4,2023-03-21-12:09:31+01:00
33,Loot_r5_r3_d500,9,2023-03-21-14:18:00+01:00
33,LongDress_r5_r5_d500,10,2023-03-21-14:18:22+01:00
33,Loot_r1_r1_d500,6,2023-03-21-14:18:42+01:00
33,Loot_r3_r5_d500,8,2023-03-21-14:19:06+01:00
33,LongDress_r5_r3_d500,8,2023-03-21-14:19:28+01:00
33,LongDress_r1_r1_d500,5,2023-03-21-14:19:45+01:00
33,LongDress_r1_r3_d500,4,2023-03-21-14:20:26+01:00
33,LongDress_r3_r3_d500,7,2023-03-21-14:20:41+01:00
33,Loot_r1_r5_d500,7,2023-03-21-14:20:56+01:00
33,Loot_r5_r5_d500,9,2023-03-21-14:21:15+01:00
33,Loot_r3_r3_d500,8,2023-03-21-14:21:32+01:00
33,Loot_r1_r3_d500,6,2023-03-21-14:21:47+01:00
33,Loot_r5_r1_d500,5,2023-03-21-14:22:21+01:00
33,LongDress_r3_r5_d500,8,2023-03-21-14:22:47+01:00
33,LongDress_r5_r1_d500,4,2023-03-21-14:23:05+01:00
33,Loot_r3_r1_d500,4,2023-03-21-14:23:20+01:00
33,LongDress_r1_r5_d500,6,2023-03-21-14:23:39+01:00
33,LongDress_r3_r1_d500,4,2023-03-21-14:23:56+01:00
33,RedAndBlack_r5_r5_d250,9,2023-03-21-14:24:25+01:00
33,Soldier_r5_r5_d125,5,2023-03-21-14:24:45+01:00
33,RedAndBlack_r3_r3_d125,5,2023-03-21-14:24:58+01:00
33,Soldier_r1_r1_d500,4,2023-03-21-14:25:17+01:00
33,RedAndBlack_r5_r5_d500,8,2023-03-21-14:25:40+01:00
33,RedAndBlack_r1_r1_d250,4,2023-03-21-14:25:59+01:00
33,Soldier_r1_r1_d250,3,2023-03-21-14:26:28+01:00
33,RedAndBlack_r3_r3_d250,5,2023-03-21-14:26:49+01:00
33,Soldier_r5_r5_d500,9,2023-03-21-14:27:07+01:00
33,RedAndBlack_r1_r1_d125,2,2023-03-21-14:27:22+01:00
33,Soldier_r3_r3_d125,4,2023-03-21-14:27:47+01:00
33,Soldier_r1_r1_d125,1,2023-03-21-14:28:01+01:00
33,RedAndBlack_r1_r1_d500,6,2023-03-21-14:28:22+01:00
33,Soldier_r3_r3_d250,7,2023-03-21-14:28:39+01:00
33,RedAndBlack_r5_r5_d125,7,2023-03-21-14:28:57+01:00
33,Soldier_r3_r3_d500,8,2023-03-21-14:29:27+01:00
33,RedAndBlack_r3_r3_d500,8,2023-03-21-14:29:39+01:00
33,Soldier_r5_r5_d250,7,2023-03-21-14:30:01+01:00
35,RedAndBlack_r3_r3_d250,7,2023-03-22-10:03:40+01:00
35,Soldier_r5_r5_d500,9,2023-03-22-10:03:59+01:00
35,RedAndBlack_r1_r1_d250,4,2023-03-22-10:04:16+01:00
35,RedAndBlack_r3_r3_d125,5,2023-03-22-10:04:30+01:00
35,RedAndBlack_r5_r5_d500,9,2023-03-22-10:04:45+01:00
35,RedAndBlack_r3_r3_d500,9,2023-03-22-10:04:57+01:00
35,Soldier_r1_r1_d500,5,2023-03-22-10:05:13+01:00
35,RedAndBlack_r1_r1_d125,5,2023-03-22-10:05:27+01:00
35,RedAndBlack_r1_r1_d500,6,2023-03-22-10:05:48+01:00
35,Soldier_r3_r3_d250,9,2023-03-22-10:06:03+01:00
35,RedAndBlack_r5_r5_d125,9,2023-03-22-10:06:15+01:00
35,Soldier_r5_r5_d125,9,2023-03-22-10:06:28+01:00
35,Soldier_r3_r3_d500,10,2023-03-22-10:06:42+01:00
35,Soldier_r1_r1_d125,1,2023-03-22-10:06:59+01:00
35,RedAndBlack_r5_r5_d250,8,2023-03-22-10:07:15+01:00
35,Soldier_r1_r1_d250,1,2023-03-22-10:07:31+01:00
35,Soldier_r5_r5_d250,9,2023-03-22-10:07:46+01:00
35,Soldier_r3_r3_d125,5,2023-03-22-10:08:01+01:00
35,Loot_r3_r1_d500,7,2023-03-22-10:08:30+01:00
35,Loot_r3_r3_d500,8,2023-03-22-10:08:43+01:00
35,LongDress_r3_r3_d500,6,2023-03-22-10:08:58+01:00
35,LongDress_r3_r1_d500,5,2023-03-22-10:09:12+01:00
35,LongDress_r1_r1_d500,3,2023-03-22-10:09:32+01:00
35,Loot_r5_r1_d500,4,2023-03-22-10:09:47+01:00
35,Loot_r1_r1_d500,4,2023-03-22-10:09:59+01:00
35,Loot_r5_r3_d500,7,2023-03-22-10:10:15+01:00
35,Loot_r1_r5_d500,7,2023-03-22-10:10:28+01:00
35,LongDress_r5_r5_d500,8,2023-03-22-10:10:41+01:00
35,Loot_r5_r5_d500,8,2023-03-22-10:10:53+01:00
35,Loot_r1_r3_d500,6,2023-03-22-10:11:07+01:00
35,LongDress_r1_r5_d500,6,2023-03-22-10:11:21+01:00
35,Loot_r3_r5_d500,7,2023-03-22-10:11:34+01:00
35,LongDress_r3_r5_d500,6,2023-03-22-10:11:48+01:00
35,LongDress_r5_r3_d500,8,2023-03-22-10:12:01+01:00
35,LongDress_r1_r3_d500,5,2023-03-22-10:12:15+01:00
35,LongDress_r5_r1_d500,7,2023-03-22-10:12:29+01:00
37,Soldier_r1_r1_d125,2,2023-03-23-09:07:37+01:00
37,RedAndBlack_r3_r3_d250,5,2023-03-23-09:07:54+01:00
37,Soldier_r5_r5_d250,6,2023-03-23-09:08:07+01:00
37,Soldier_r5_r5_d125,3,2023-03-23-09:08:26+01:00
37,RedAndBlack_r1_r1_d250,3,2023-03-23-09:08:39+01:00
37,Soldier_r3_r3_d125,3,2023-03-23-09:08:51+01:00
37,RedAndBlack_r5_r5_d500,7,2023-03-23-09:09:07+01:00
37,RedAndBlack_r5_r5_d250,8,2023-03-23-09:09:21+01:00
37,Soldier_r5_r5_d500,8,2023-03-23-09:09:33+01:00
37,RedAndBlack_r5_r5_d125,5,2023-03-23-09:09:47+01:00
37,RedAndBlack_r1_r1_d500,3,2023-03-23-09:10:00+01:00
37,Soldier_r1_r1_d250,1,2023-03-23-09:10:13+01:00
37,RedAndBlack_r3_r3_d500,5,2023-03-23-09:10:26+01:00
37,RedAndBlack_r1_r1_d125,1,2023-03-23-09:10:40+01:00
37,Soldier_r3_r3_d250,5,2023-03-23-09:10:53+01:00
37,RedAndBlack_r3_r3_d125,4,2023-03-23-09:11:05+01:00
37,Soldier_r1_r1_d500,4,2023-03-23-09:11:16+01:00
37,Soldier_r3_r3_d500,8,2023-03-23-09:11:30+01:00
37,LongDress_r3_r3_d500,6,2023-03-23-09:11:54+01:00
37,Loot_r3_r3_d500,8,2023-03-23-09:12:07+01:00
37,LongDress_r1_r5_d500,5,2023-03-23-09:12:21+01:00
37,LongDress_r1_r1_d500,4,2023-03-23-09:12:34+01:00
37,Loot_r5_r5_d500,9,2023-03-23-09:12:48+01:00
37,LongDress_r3_r1_d500,4,2023-03-23-09:13:02+01:00
37,Loot_r1_r1_d500,4,2023-03-23-09:13:13+01:00
37,Loot_r5_r3_d500,9,2023-03-23-09:13:29+01:00
37,LongDress_r5_r1_d500,5,2023-03-23-09:13:43+01:00
37,Loot_r3_r1_d500,4,2023-03-23-09:13:56+01:00
37,Loot_r1_r5_d500,4,2023-03-23-09:14:07+01:00
37,LongDress_r1_r3_d500,3,2023-03-23-09:14:20+01:00
37,LongDress_r3_r5_d500,6,2023-03-23-09:14:32+01:00
37,Loot_r3_r5_d500,9,2023-03-23-09:14:45+01:00
37,LongDress_r5_r3_d500,8,2023-03-23-09:14:57+01:00
37,LongDress_r5_r5_d500,8,2023-03-23-09:15:08+01:00
37,Loot_r5_r1_d500,5,2023-03-23-09:15:23+01:00
37,Loot_r1_r3_d500,8,2023-03-23-09:15:36+01:00
38,Loot_r5_r5_d500,8,2023-03-23-11:21:31+01:00
38,LongDress_r3_r1_d500,5,2023-03-23-11:21:51+01:00
38,Loot_r3_r5_d500,8,2023-03-23-11:22:16+01:00
38,Loot_r5_r3_d500,7,2023-03-23-11:22:39+01:00
38,LongDress_r3_r5_d500,4,2023-03-23-11:23:01+01:00
38,LongDress_r1_r1_d500,5,2023-03-23-11:23:14+01:00
38,LongDress_r5_r5_d500,7,2023-03-23-11:23:31+01:00
38,LongDress_r5_r1_d500,5,2023-03-23-11:23:47+01:00
38,Loot_r5_r1_d500,6,2023-03-23-11:24:01+01:00
38,Loot_r1_r5_d500,7,2023-03-23-11:24:18+01:00
38,Loot_r3_r1_d500,6,2023-03-23-11:24:32+01:00
38,Loot_r1_r3_d500,8,2023-03-23-11:24:47+01:00
38,LongDress_r3_r3_d500,7,2023-03-23-11:25:09+01:00
38,LongDress_r5_r3_d500,5,2023-03-23-11:25:24+01:00
38,Loot_r1_r1_d500,6,2023-03-23-11:25:39+01:00
38,LongDress_r1_r5_d500,4,2023-03-23-11:25:54+01:00
38,Loot_r3_r3_d500,7,2023-03-23-11:26:13+01:00
38,LongDress_r1_r3_d500,6,2023-03-23-11:26:28+01:00
38,Soldier_r5_r5_d500,8,2023-03-23-11:27:01+01:00
38,RedAndBlack_r1_r1_d125,3,2023-03-23-11:27:16+01:00
38,Soldier_r5_r5_d250,5,2023-03-23-11:27:35+01:00
38,RedAndBlack_r3_r3_d250,5,2023-03-23-11:27:48+01:00
38,RedAndBlack_r1_r1_d500,6,2023-03-23-11:28:01+01:00
38,Soldier_r3_r3_d125,3,2023-03-23-11:28:32+01:00
38,Soldier_r1_r1_d125,1,2023-03-23-11:28:51+01:00
38,Soldier_r5_r5_d125,6,2023-03-23-11:29:10+01:00
38,RedAndBlack_r3_r3_d125,5,2023-03-23-11:29:28+01:00
38,Soldier_r1_r1_d500,7,2023-03-23-11:29:46+01:00
38,RedAndBlack_r5_r5_d250,8,2023-03-23-11:30:11+01:00
38,RedAndBlack_r3_r3_d500,8,2023-03-23-11:30:23+01:00
38,RedAndBlack_r5_r5_d125,4,2023-03-23-11:30:38+01:00
38,Soldier_r1_r1_d250,2,2023-03-23-11:30:53+01:00
38,Soldier_r3_r3_d250,6,2023-03-23-11:31:13+01:00
38,RedAndBlack_r1_r1_d250,3,2023-03-23-11:31:27+01:00
38,Soldier_r3_r3_d500,7,2023-03-23-11:31:44+01:00
38,RedAndBlack_r5_r5_d500,9,2023-03-23-11:32:03+01:00
39,Soldier_r1_r1_d500,6,2023-03-23-12:04:23+01:00
39,Soldier_r3_r3_d125,6,2023-03-23-12:04:38+01:00
39,RedAndBlack_r5_r5_d250,7,2023-03-23-12:05:15+01:00
39,RedAndBlack_r1_r1_d250,5,2023-03-23-12:05:30+01:00
39,RedAndBlack_r3_r3_d500,7,2023-03-23-12:05:45+01:00
39,Soldier_r5_r5_d500,8,2023-03-23-12:06:00+01:00
39,RedAndBlack_r1_r1_d125,5,2023-03-23-12:06:21+01:00
39,Soldier_r3_r3_d250,6,2023-03-23-12:06:38+01:00
39,Soldier_r5_r5_d125,7,2023-03-23-12:06:52+01:00
39,Soldier_r1_r1_d125,3,2023-03-23-12:07:08+01:00
39,RedAndBlack_r3_r3_d250,7,2023-03-23-12:07:23+01:00
39,Soldier_r3_r3_d500,7,2023-03-23-12:07:35+01:00
39,Soldier_r5_r5_d250,8,2023-03-23-12:07:49+01:00
39,RedAndBlack_r3_r3_d125,7,2023-03-23-12:08:03+01:00
39,RedAndBlack_r1_r1_d500,6,2023-03-23-12:08:15+01:00
39,Soldier_r1_r1_d250,4,2023-03-23-12:08:28+01:00
39,RedAndBlack_r5_r5_d125,8,2023-03-23-12:08:43+01:00
39,RedAndBlack_r5_r5_d500,8,2023-03-23-12:08:55+01:00
39,Loot_r1_r3_d500,7,2023-03-23-12:09:18+01:00
39,LongDress_r1_r5_d500,6,2023-03-23-12:09:32+01:00
39,LongDress_r5_r3_d500,6,2023-03-23-12:09:44+01:00
39,LongDress_r3_r5_d500,6,2023-03-23-12:09:58+01:00
39,LongDress_r5_r5_d500,8,2023-03-23-12:10:11+01:00
39,LongDress_r5_r1_d500,6,2023-03-23-12:10:25+01:00
39,Loot_r5_r5_d500,7,2023-03-23-12:10:39+01:00
39,Loot_r5_r3_d500,9,2023-03-23-12:10:53+01:00
39,Loot_r3_r3_d500,8,2023-03-23-12:11:06+01:00
39,LongDress_r3_r3_d500,8,2023-03-23-12:11:20+01:00
39,Loot_r5_r1_d500,6,2023-03-23-12:11:32+01:00
39,Loot_r1_r5_d500,7,2023-03-23-12:11:44+01:00
39,Loot_r3_r5_d500,7,2023-03-23-12:11:56+01:00
39,Loot_r1_r1_d500,6,2023-03-23-12:12:08+01:00
39,LongDress_r1_r1_d500,5,2023-03-23-12:12:21+01:00
39,LongDress_r1_r3_d500,6,2023-03-23-12:12:33+01:00
39,LongDress_r3_r1_d500,6,2023-03-23-12:12:47+01:00
39,Loot_r3_r1_d500,6,2023-03-23-12:12:59+01:00
40,Soldier_r3_r3_d250,6,2023-03-23-12:19:27+01:00
40,RedAndBlack_r1_r1_d250,3,2023-03-23-12:19:44+01:00
40,RedAndBlack_r3_r3_d125,5,2023-03-23-12:20:15+01:00
40,Soldier_r3_r3_d125,5,2023-03-23-12:20:39+01:00
40,Soldier_r1_r1_d250,2,2023-03-23-12:21:00+01:00
40,Soldier_r5_r5_d250,5,2023-03-23-12:21:20+01:00
40,Soldier_r1_r1_d125,1,2023-03-23-12:21:35+01:00
40,RedAndBlack_r3_r3_d250,6,2023-03-23-12:21:51+01:00
40,RedAndBlack_r3_r3_d500,8,2023-03-23-12:22:04+01:00
40,Soldier_r5_r5_d500,9,2023-03-23-12:22:21+01:00
40,Soldier_r5_r5_d125,5,2023-03-23-12:22:41+01:00
40,RedAndBlack_r5_r5_d125,5,2023-03-23-12:22:57+01:00
40,Soldier_r1_r1_d500,3,2023-03-23-12:23:14+01:00
40,Soldier_r3_r3_d500,5,2023-03-23-12:23:29+01:00
40,RedAndBlack_r5_r5_d500,9,2023-03-23-12:23:54+01:00
40,RedAndBlack_r1_r1_d125,5,2023-03-23-12:24:22+01:00
40,RedAndBlack_r1_r1_d500,4,2023-03-23-12:24:37+01:00
40,RedAndBlack_r5_r5_d250,5,2023-03-23-12:24:53+01:00
40,LongDress_r5_r1_d500,5,2023-03-23-12:25:12+01:00
40,Loot_r3_r1_d500,6,2023-03-23-12:25:28+01:00
40,Loot_r5_r3_d500,8,2023-03-23-12:25:43+01:00
40,LongDress_r5_r5_d500,6,2023-03-23-12:26:05+01:00
40,LongDress_r3_r5_d500,6,2023-03-23-12:26:17+01:00
40,LongDress_r1_r3_d500,4,2023-03-23-12:26:33+01:00
40,Loot_r1_r5_d500,6,2023-03-23-12:26:47+01:00
40,Loot_r1_r1_d500,4,2023-03-23-12:27:03+01:00
40,Loot_r1_r3_d500,5,2023-03-23-12:27:21+01:00
40,Loot_r3_r3_d500,7,2023-03-23-12:27:35+01:00
40,LongDress_r3_r1_d500,4,2023-03-23-12:28:12+01:00
40,Loot_r3_r5_d500,7,2023-03-23-12:28:26+01:00
40,Loot_r5_r1_d500,5,2023-03-23-12:28:42+01:00
40,LongDress_r3_r3_d500,5,2023-03-23-12:28:54+01:00
40,LongDress_r1_r1_d500,4,2023-03-23-12:29:10+01:00
40,LongDress_r5_r3_d500,6,2023-03-23-12:29:24+01:00
40,Loot_r5_r5_d500,7,2023-03-23-12:29:41+01:00
40,LongDress_r1_r5_d500,6,2023-03-23-12:29:58+01:00
41,LongDress_r1_r5_d500,7,2023-03-24-11:35:48+01:00
41,LongDress_r1_r1_d500,4,2023-03-24-11:36:28+01:00
41,Loot_r5_r3_d500,6,2023-03-24-11:36:49+01:00
41,Loot_r3_r3_d500,7,2023-03-24-11:37:06+01:00
41,LongDress_r3_r1_d500,5,2023-03-24-11:37:25+01:00
41,Loot_r5_r1_d500,4,2023-03-24-11:37:42+01:00
41,LongDress_r3_r3_d500,7,2023-03-24-11:38:09+01:00
41,LongDress_r5_r5_d500,8,2023-03-24-11:38:27+01:00
41,Loot_r1_r3_d500,5,2023-03-24-11:38:47+01:00
41,Loot_r1_r1_d500,5,2023-03-24-11:39:03+01:00
41,Loot_r5_r5_d500,8,2023-03-24-11:39:24+01:00
41,Loot_r3_r5_d500,7,2023-03-24-11:39:41+01:00
41,Loot_r3_r1_d500,4,2023-03-24-11:40:05+01:00
41,LongDress_r1_r3_d500,5,2023-03-24-11:40:24+01:00
41,LongDress_r3_r5_d500,7,2023-03-24-11:40:40+01:00
41,LongDress_r5_r3_d500,8,2023-03-24-11:40:57+01:00
41,LongDress_r5_r1_d500,4,2023-03-24-11:41:16+01:00
41,Loot_r1_r5_d500,6,2023-03-24-11:41:36+01:00
41,Soldier_r1_r1_d125,2,2023-03-24-11:42:37+01:00
41,Soldier_r3_r3_d500,8,2023-03-24-11:42:59+01:00
41,RedAndBlack_r1_r1_d500,6,2023-03-24-11:43:15+01:00
41,Soldier_r5_r5_d500,8,2023-03-24-11:43:31+01:00
41,RedAndBlack_r1_r1_d250,5,2023-03-24-11:43:51+01:00
41,RedAndBlack_r5_r5_d500,7,2023-03-24-11:44:07+01:00
41,RedAndBlack_r1_r1_d125,4,2023-03-24-11:44:26+01:00
41,Soldier_r3_r3_d125,5,2023-03-24-11:44:39+01:00
41,RedAndBlack_r3_r3_d125,7,2023-03-24-11:44:56+01:00
41,RedAndBlack_r5_r5_d125,7,2023-03-24-11:45:09+01:00
41,Soldier_r3_r3_d250,6,2023-03-24-11:45:27+01:00
41,Soldier_r1_r1_d250,2,2023-03-24-11:45:43+01:00
41,RedAndBlack_r5_r5_d250,8,2023-03-24-11:46:03+01:00
41,Soldier_r5_r5_d250,8,2023-03-24-11:46:16+01:00
41,RedAndBlack_r3_r3_d250,6,2023-03-24-11:46:31+01:00
41,RedAndBlack_r3_r3_d500,8,2023-03-24-11:46:52+01:00
41,Soldier_r5_r5_d125,6,2023-03-24-11:47:09+01:00
41,Soldier_r1_r1_d500,3,2023-03-24-11:47:27+01:00
42,LongDress_r3_r3_d500,6,2023-03-26-13:41:04+02:00
42,LongDress_r5_r5_d500,8,2023-03-26-13:41:29+02:00
42,Loot_r1_r5_d500,9,2023-03-26-13:41:56+02:00
42,LongDress_r3_r1_d500,5,2023-03-26-13:42:22+02:00
42,Loot_r5_r5_d500,8,2023-03-26-13:42:47+02:00
42,LongDress_r1_r1_d500,7,2023-03-26-13:43:09+02:00
42,Loot_r5_r1_d500,5,2023-03-26-13:43:38+02:00
42,LongDress_r3_r5_d500,7,2023-03-26-13:44:00+02:00
42,LongDress_r1_r3_d500,5,2023-03-26-13:44:21+02:00
42,LongDress_r5_r3_d500,6,2023-03-26-13:44:48+02:00
42,Loot_r3_r5_d500,7,2023-03-26-13:45:11+02:00
42,Loot_r1_r3_d500,5,2023-03-26-13:45:27+02:00
42,Loot_r1_r1_d500,6,2023-03-26-13:45:47+02:00
42,LongDress_r1_r5_d500,7,2023-03-26-13:46:04+02:00
42,LongDress_r5_r1_d500,6,2023-03-26-13:46:20+02:00
42,Loot_r3_r1_d500,8,2023-03-26-13:46:40+02:00
42,Loot_r3_r3_d500,9,2023-03-26-13:46:58+02:00
42,Loot_r5_r3_d500,9,2023-03-26-13:47:11+02:00
42,RedAndBlack_r5_r5_d250,10,2023-03-26-13:47:35+02:00
42,Soldier_r3_r3_d125,6,2023-03-26-13:48:01+02:00
42,Soldier_r1_r1_d250,4,2023-03-26-13:48:24+02:00
42,Soldier_r5_r5_d125,9,2023-03-26-13:48:47+02:00
42,RedAndBlack_r1_r1_d500,5,2023-03-26-13:49:08+02:00
42,RedAndBlack_r1_r1_d125,3,2023-03-26-13:49:26+02:00
42,Soldier_r1_r1_d125,2,2023-03-26-13:49:45+02:00
42,RedAndBlack_r5_r5_d500,8,2023-03-26-13:50:04+02:00
42,RedAndBlack_r3_r3_d500,8,2023-03-26-13:50:16+02:00
42,Soldier_r3_r3_d500,9,2023-03-26-13:50:32+02:00
42,Soldier_r5_r5_d250,7,2023-03-26-13:50:51+02:00
42,Soldier_r3_r3_d250,9,2023-03-26-13:51:08+02:00
42,RedAndBlack_r1_r1_d250,6,2023-03-26-13:51:24+02:00
42,RedAndBlack_r3_r3_d250,7,2023-03-26-13:51:38+02:00
42,Soldier_r1_r1_d500,4,2023-03-26-13:51:54+02:00
42,RedAndBlack_r3_r3_d125,8,2023-03-26-13:52:10+02:00
42,Soldier_r5_r5_d500,9,2023-03-26-13:52:24+02:00
42,RedAndBlack_r5_r5_d125,8,2023-03-26-13:52:40+02:00
43,RedAndBlack_r3_r3_d500,6,2023-03-26-14:01:04+02:00
43,Soldier_r3_r3_d125,5,2023-03-26-14:01:18+02:00
43,Soldier_r3_r3_d500,6,2023-03-26-14:01:44+02:00
43,Soldier_r1_r1_d125,4,2023-03-26-14:02:03+02:00
43,RedAndBlack_r5_r5_d250,7,2023-03-26-14:02:19+02:00
43,RedAndBlack_r3_r3_d250,7,2023-03-26-14:02:36+02:00
43,Soldier_r1_r1_d250,4,2023-03-26-14:02:54+02:00
43,RedAndBlack_r5_r5_d125,5,2023-03-26-14:03:07+02:00
43,RedAndBlack_r1_r1_d500,5,2023-03-26-14:03:19+02:00
43,Soldier_r5_r5_d500,4,2023-03-26-14:03:34+02:00
43,Soldier_r5_r5_d125,5,2023-03-26-14:03:51+02:00
43,RedAndBlack_r3_r3_d125,5,2023-03-26-14:04:04+02:00
43,RedAndBlack_r1_r1_d250,5,2023-03-26-14:04:15+02:00
43,Soldier_r5_r5_d250,7,2023-03-26-14:04:30+02:00
43,RedAndBlack_r1_r1_d125,4,2023-03-26-14:04:44+02:00
43,Soldier_r1_r1_d500,3,2023-03-26-14:04:57+02:00
43,RedAndBlack_r5_r5_d500,4,2023-03-26-14:05:09+02:00
43,Soldier_r3_r3_d250,3,2023-03-26-14:05:22+02:00
43,LongDress_r5_r1_d500,3,2023-03-26-14:05:42+02:00
43,Loot_r3_r1_d500,3,2023-03-26-14:05:54+02:00
43,Loot_r1_r1_d500,3,2023-03-26-14:06:06+02:00
43,Loot_r5_r1_d500,3,2023-03-26-14:06:18+02:00
43,LongDress_r3_r5_d500,4,2023-03-26-14:06:31+02:00
43,Loot_r5_r5_d500,4,2023-03-26-14:06:42+02:00
43,Loot_r3_r5_d500,4,2023-03-26-14:06:56+02:00
43,Loot_r5_r3_d500,4,2023-03-26-14:07:07+02:00
43,LongDress_r5_r3_d500,3,2023-03-26-14:07:21+02:00
43,LongDress_r3_r1_d500,4,2023-03-26-14:07:34+02:00
43,LongDress_r1_r3_d500,3,2023-03-26-14:07:46+02:00
43,LongDress_r1_r1_d500,2,2023-03-26-14:08:00+02:00
43,Loot_r1_r5_d500,1,2023-03-26-14:08:13+02:00
43,LongDress_r5_r5_d500,1,2023-03-26-14:08:24+02:00
43,LongDress_r1_r5_d500,1,2023-03-26-14:08:36+02:00
43,LongDress_r3_r3_d500,2,2023-03-26-14:08:48+02:00
43,Loot_r3_r3_d500,3,2023-03-26-14:09:00+02:00
43,Loot_r1_r3_d500,1,2023-03-26-14:09:12+02:00
44,Soldier_r5_r5_d500,8,2023-03-27-09:08:08+02:00
44,RedAndBlack_r3_r3_d250,6,2023-03-27-09:08:23+02:00
44,RedAndBlack_r1_r1_d125,4,2023-03-27-09:08:37+02:00
44,RedAndBlack_r5_r5_d250,6,2023-03-27-09:08:51+02:00
44,RedAndBlack_r5_r5_d500,8,2023-03-27-09:09:05+02:00
44,Soldier_r1_r1_d125,3,2023-03-27-09:09:20+02:00
44,Soldier_r5_r5_d250,6,2023-03-27-09:09:34+02:00
44,Soldier_r5_r5_d125,8,2023-03-27-09:09:47+02:00
44,RedAndBlack_r5_r5_d125,7,2023-03-27-09:10:01+02:00
44,Soldier_r3_r3_d125,5,2023-03-27-09:10:19+02:00
44,Soldier_r3_r3_d250,6,2023-03-27-09:10:32+02:00
44,RedAndBlack_r3_r3_d500,6,2023-03-27-09:10:48+02:00
44,Soldier_r3_r3_d500,5,2023-03-27-09:11:00+02:00
44,RedAndBlack_r3_r3_d125,5,2023-03-27-09:11:12+02:00
44,RedAndBlack_r1_r1_d500,4,2023-03-27-09:11:26+02:00
44,RedAndBlack_r1_r1_d250,3,2023-03-27-09:11:40+02:00
44,Soldier_r1_r1_d250,2,2023-03-27-09:11:52+02:00
44,Soldier_r1_r1_d500,2,2023-03-27-09:12:08+02:00
44,LongDress_r1_r5_d500,5,2023-03-27-09:12:30+02:00
44,LongDress_r3_r3_d500,5,2023-03-27-09:12:43+02:00
44,LongDress_r5_r5_d500,5,2023-03-27-09:12:55+02:00
44,LongDress_r3_r5_d500,4,2023-03-27-09:13:10+02:00
44,LongDress_r5_r1_d500,4,2023-03-27-09:13:23+02:00
44,Loot_r1_r1_d500,6,2023-03-27-09:13:37+02:00
44,Loot_r3_r3_d500,6,2023-03-27-09:13:55+02:00
44,Loot_r1_r3_d500,6,2023-03-27-09:14:09+02:00
44,Loot_r5_r3_d500,7,2023-03-27-09:14:22+02:00
44,Loot_r3_r5_d500,7,2023-03-27-09:14:35+02:00
44,LongDress_r3_r1_d500,5,2023-03-27-09:14:49+02:00
44,LongDress_r1_r1_d500,5,2023-03-27-09:15:00+02:00
44,LongDress_r5_r3_d500,6,2023-03-27-09:15:13+02:00
44,Loot_r5_r1_d500,4,2023-03-27-09:15:26+02:00
44,Loot_r3_r1_d500,5,2023-03-27-09:15:39+02:00
44,LongDress_r1_r3_d500,5,2023-03-27-09:15:50+02:00
44,Loot_r5_r5_d500,7,2023-03-27-09:16:03+02:00
44,Loot_r1_r5_d500,5,2023-03-27-09:16:19+02:00
46,RedAndBlack_r5_r5_d500,8,2023-03-28-15:36:27+02:00
46,RedAndBlack_r1_r1_d500,4,2023-03-28-15:36:41+02:00
46,RedAndBlack_r5_r5_d125,5,2023-03-28-15:36:53+02:00
46,RedAndBlack_r1_r1_d125,1,2023-03-28-15:37:09+02:00
46,Soldier_r5_r5_d250,6,2023-03-28-15:37:34+02:00
46,RedAndBlack_r5_r5_d250,6,2023-03-28-15:37:48+02:00
46,Soldier_r5_r5_d125,4,2023-03-28-15:38:02+02:00
46,Soldier_r3_r3_d125,2,2023-03-28-15:38:16+02:00
46,RedAndBlack_r1_r1_d250,1,2023-03-28-15:38:29+02:00
46,Soldier_r3_r3_d500,5,2023-03-28-15:38:46+02:00
46,Soldier_r3_r3_d250,4,2023-03-28-15:38:59+02:00
46,Soldier_r1_r1_d125,1,2023-03-28-15:39:12+02:00
46,RedAndBlack_r3_r3_d500,6,2023-03-28-15:39:27+02:00
46,Soldier_r1_r1_d250,2,2023-03-28-15:39:42+02:00
46,RedAndBlack_r3_r3_d125,3,2023-03-28-15:39:54+02:00
46,Soldier_r1_r1_d500,2,2023-03-28-15:40:09+02:00
46,Soldier_r5_r5_d500,6,2023-03-28-15:40:25+02:00
46,RedAndBlack_r3_r3_d250,4,2023-03-28-15:40:41+02:00
46,LongDress_r5_r5_d500,8,2023-03-28-15:41:03+02:00
46,LongDress_r5_r1_d500,6,2023-03-28-15:41:17+02:00
46,Loot_r5_r1_d500,7,2023-03-28-15:41:30+02:00
46,Loot_r5_r5_d500,9,2023-03-28-15:41:43+02:00
46,Loot_r1_r5_d500,6,2023-03-28-15:41:59+02:00
46,Loot_r1_r1_d500,5,2023-03-28-15:42:19+02:00
46,Loot_r3_r3_d500,7,2023-03-28-15:42:32+02:00
46,LongDress_r1_r5_d500,8,2023-03-28-15:42:45+02:00
46,LongDress_r1_r1_d500,5,2023-03-28-15:43:03+02:00
46,LongDress_r3_r3_d500,6,2023-03-28-15:43:17+02:00
46,LongDress_r5_r3_d500,6,2023-03-28-15:43:29+02:00
46,Loot_r3_r1_d500,2,2023-03-28-15:43:42+02:00
46,LongDress_r1_r3_d500,7,2023-03-28-15:43:56+02:00
46,Loot_r3_r5_d500,8,2023-03-28-15:44:08+02:00
46,LongDress_r3_r1_d500,3,2023-03-28-15:44:23+02:00
46,Loot_r1_r3_d500,6,2023-03-28-15:44:37+02:00
46,Loot_r5_r3_d500,6,2023-03-28-15:44:48+02:00
46,LongDress_r3_r5_d500,6,2023-03-28-15:45:00+02:00
48,RedAndBlack_r5_r5_d500,6,2023-03-29-14:25:02+02:00
48,Soldier_r1_r1_d500,3,2023-03-29-14:25:45+02:00
48,RedAndBlack_r3_r3_d250,6,2023-03-29-14:26:04+02:00
48,RedAndBlack_r5_r5_d125,6,2023-03-29-14:26:20+02:00
48,Soldier_r5_r5_d125,6,2023-03-29-14:26:38+02:00
48,Soldier_r1_r1_d250,3,2023-03-29-14:27:05+02:00
48,RedAndBlack_r1_r1_d500,5,2023-03-29-14:27:23+02:00
48,Soldier_r3_r3_d125,5,2023-03-29-14:27:35+02:00
48,Soldier_r5_r5_d500,7,2023-03-29-14:27:56+02:00
48,Soldier_r3_r3_d500,7,2023-03-29-14:28:10+02:00
48,Soldier_r3_r3_d250,6,2023-03-29-14:28:25+02:00
48,RedAndBlack_r1_r1_d250,3,2023-03-29-14:28:42+02:00
48,Soldier_r1_r1_d125,1,2023-03-29-14:28:58+02:00
48,RedAndBlack_r5_r5_d250,7,2023-03-29-14:29:21+02:00
48,RedAndBlack_r1_r1_d125,1,2023-03-29-14:29:38+02:00
48,RedAndBlack_r3_r3_d500,6,2023-03-29-14:29:59+02:00
48,RedAndBlack_r3_r3_d125,6,2023-03-29-14:30:11+02:00
48,Soldier_r5_r5_d250,8,2023-03-29-14:30:27+02:00
48,LongDress_r1_r5_d500,8,2023-03-29-14:30:50+02:00
48,LongDress_r3_r3_d500,7,2023-03-29-14:31:08+02:00
48,LongDress_r3_r5_d500,8,2023-03-29-14:31:24+02:00
48,LongDress_r1_r1_d500,2,2023-03-29-14:31:49+02:00
48,LongDress_r1_r3_d500,4,2023-03-29-14:32:04+02:00
48,Loot_r3_r5_d500,8,2023-03-29-14:32:24+02:00
48,Loot_r5_r3_d500,8,2023-03-29-14:32:36+02:00
48,Loot_r3_r1_d500,4,2023-03-29-14:32:54+02:00
48,Loot_r1_r3_d500,3,2023-03-29-14:33:08+02:00
48,LongDress_r5_r3_d500,7,2023-03-29-14:33:25+02:00
48,LongDress_r5_r1_d500,3,2023-03-29-14:33:48+02:00
48,Loot_r3_r3_d500,6,2023-03-29-14:34:06+02:00
48,LongDress_r5_r5_d500,9,2023-03-29-14:34:22+02:00
48,Loot_r1_r5_d500,5,2023-03-29-14:34:44+02:00
48,Loot_r5_r5_d500,7,2023-03-29-14:35:00+02:00
48,Loot_r1_r1_d500,2,2023-03-29-14:35:19+02:00
48,LongDress_r3_r1_d500,1,2023-03-29-14:35:32+02:00
48,Loot_r5_r1_d500,2,2023-03-29-14:35:55+02:00
49,RedAndBlack_r5_r5_d250,5,2023-03-30-11:13:58+02:00
49,Soldier_r3_r3_d125,5,2023-03-30-11:14:18+02:00
49,RedAndBlack_r1_r1_d125,4,2023-03-30-11:14:33+02:00
49,RedAndBlack_r3_r3_d500,5,2023-03-30-11:14:52+02:00
49,Soldier_r3_r3_d250,5,2023-03-30-11:15:04+02:00
49,RedAndBlack_r5_r5_d500,5,2023-03-30-11:15:17+02:00
49,RedAndBlack_r1_r1_d500,5,2023-03-30-11:15:31+02:00
49,RedAndBlack_r3_r3_d125,6,2023-03-30-11:15:48+02:00
49,Soldier_r5_r5_d125,6,2023-03-30-11:16:00+02:00
49,Soldier_r1_r1_d125,3,2023-03-30-11:16:19+02:00
49,RedAndBlack_r1_r1_d250,4,2023-03-30-11:16:34+02:00
49,Soldier_r5_r5_d250,6,2023-03-30-11:16:54+02:00
49,Soldier_r1_r1_d250,3,2023-03-30-11:17:14+02:00
49,Soldier_r5_r5_d500,7,2023-03-30-11:17:30+02:00
49,RedAndBlack_r5_r5_d125,6,2023-03-30-11:17:47+02:00
49,Soldier_r3_r3_d500,7,2023-03-30-11:18:02+02:00
49,Soldier_r1_r1_d500,4,2023-03-30-11:18:24+02:00
49,RedAndBlack_r3_r3_d250,5,2023-03-30-11:18:47+02:00
49,LongDress_r3_r5_d500,5,2023-03-30-11:19:13+02:00
49,Loot_r5_r3_d500,8,2023-03-30-11:19:32+02:00
49,Loot_r5_r5_d500,8,2023-03-30-11:19:43+02:00
49,Loot_r3_r1_d500,6,2023-03-30-11:20:01+02:00
49,LongDress_r1_r3_d500,5,2023-03-30-11:20:16+02:00
49,Loot_r3_r3_d500,7,2023-03-30-11:20:36+02:00
49,Loot_r5_r1_d500,5,2023-03-30-11:20:54+02:00
49,LongDress_r1_r1_d500,4,2023-03-30-11:21:10+02:00
49,LongDress_r5_r3_d500,6,2023-03-30-11:21:25+02:00
49,LongDress_r5_r5_d500,6,2023-03-30-11:21:37+02:00
49,Loot_r1_r3_d500,5,2023-03-30-11:21:51+02:00
49,Loot_r1_r1_d500,4,2023-03-30-11:22:12+02:00
49,Loot_r1_r5_d500,7,2023-03-30-11:22:28+02:00
49,LongDress_r1_r5_d500,6,2023-03-30-11:22:44+02:00
49,LongDress_r5_r1_d500,5,2023-03-30-11:22:57+02:00
49,Loot_r3_r5_d500,5,2023-03-30-11:23:12+02:00
49,LongDress_r3_r1_d500,5,2023-03-30-11:23:26+02:00
49,LongDress_r3_r3_d500,4,2023-03-30-11:23:41+02:00
50,RedAndBlack_r3_r3_d125,4,2023-03-30-14:05:38+02:00
50,RedAndBlack_r5_r5_d125,4,2023-03-30-14:05:52+02:00
50,Soldier_r3_r3_d250,5,2023-03-30-14:06:09+02:00
50,RedAndBlack_r3_r3_d500,6,2023-03-30-14:06:25+02:00
50,Soldier_r3_r3_d500,5,2023-03-30-14:06:41+02:00
50,RedAndBlack_r3_r3_d250,4,2023-03-30-14:06:57+02:00
50,Soldier_r5_r5_d500,5,2023-03-30-14:07:10+02:00
50,Soldier_r1_r1_d250,3,2023-03-30-14:07:28+02:00
50,RedAndBlack_r1_r1_d500,4,2023-03-30-14:07:41+02:00
50,RedAndBlack_r1_r1_d250,3,2023-03-30-14:07:55+02:00
50,Soldier_r5_r5_d125,3,2023-03-30-14:08:07+02:00
50,RedAndBlack_r1_r1_d125,2,2023-03-30-14:08:21+02:00
50,RedAndBlack_r5_r5_d250,4,2023-03-30-14:08:34+02:00
50,Soldier_r5_r5_d250,3,2023-03-30-14:08:50+02:00
50,Soldier_r1_r1_d125,2,2023-03-30-14:09:03+02:00
50,RedAndBlack_r5_r5_d500,7,2023-03-30-14:09:19+02:00
50,Soldier_r3_r3_d125,4,2023-03-30-14:09:35+02:00
50,Soldier_r1_r1_d500,5,2023-03-30-14:09:52+02:00
50,LongDress_r5_r1_d500,4,2023-03-30-14:10:16+02:00
50,LongDress_r1_r3_d500,3,2023-03-30-14:10:29+02:00
50,Loot_r3_r1_d500,5,2023-03-30-14:10:48+02:00
50,LongDress_r3_r5_d500,6,2023-03-30-14:11:01+02:00
50,LongDress_r1_r1_d500,4,2023-03-30-14:11:16+02:00
50,LongDress_r1_r5_d500,3,2023-03-30-14:11:29+02:00
50,Loot_r5_r5_d500,5,2023-03-30-14:11:42+02:00
50,Loot_r3_r5_d500,6,2023-03-30-14:11:54+02:00
50,LongDress_r3_r3_d500,6,2023-03-30-14:12:14+02:00
50,LongDress_r5_r3_d500,5,2023-03-30-14:12:27+02:00
50,LongDress_r3_r1_d500,5,2023-03-30-14:12:39+02:00
50,LongDress_r5_r5_d500,6,2023-03-30-14:12:53+02:00
50,Loot_r1_r5_d500,4,2023-03-30-14:13:06+02:00
50,Loot_r3_r3_d500,5,2023-03-30-14:13:22+02:00
50,Loot_r1_r3_d500,4,2023-03-30-14:13:35+02:00
50,Loot_r1_r1_d500,4,2023-03-30-14:13:47+02:00
50,Loot_r5_r1_d500,5,2023-03-30-14:14:03+02:00
50,Loot_r5_r3_d500,5,2023-03-30-14:14:22+02:00
51,LongDress_r1_r3_d500,8,2023-03-30-14:56:07+02:00
51,LongDress_r3_r3_d500,8,2023-03-30-14:56:24+02:00
51,Loot_r3_r5_d500,8,2023-03-30-14:56:38+02:00
51,LongDress_r5_r1_d500,8,2023-03-30-14:56:51+02:00
51,LongDress_r1_r1_d500,6,2023-03-30-14:57:08+02:00
51,Loot_r1_r5_d500,7,2023-03-30-14:57:24+02:00
51,LongDress_r3_r1_d500,8,2023-03-30-14:57:39+02:00
51,LongDress_r5_r3_d500,8,2023-03-30-14:57:52+02:00
51,Loot_r3_r1_d500,7,2023-03-30-14:58:07+02:00
51,LongDress_r1_r5_d500,7,2023-03-30-14:58:20+02:00
51,Loot_r1_r3_d500,6,2023-03-30-14:58:36+02:00
51,Loot_r3_r3_d500,9,2023-03-30-14:58:52+02:00
51,Loot_r1_r1_d500,7,2023-03-30-14:59:09+02:00
51,Loot_r5_r3_d500,9,2023-03-30-14:59:24+02:00
51,Loot_r5_r5_d500,10,2023-03-30-14:59:39+02:00
51,Loot_r5_r1_d500,9,2023-03-30-14:59:53+02:00
51,LongDress_r5_r5_d500,9,2023-03-30-15:00:08+02:00
51,LongDress_r3_r5_d500,8,2023-03-30-15:00:22+02:00
51,RedAndBlack_r1_r1_d500,6,2023-03-30-15:00:48+02:00
51,RedAndBlack_r5_r5_d250,9,2023-03-30-15:01:02+02:00
51,RedAndBlack_r1_r1_d125,7,2023-03-30-15:01:16+02:00
51,Soldier_r1_r1_d250,6,2023-03-30-15:01:30+02:00
51,RedAndBlack_r3_r3_d125,9,2023-03-30-15:01:45+02:00
51,Soldier_r1_r1_d125,8,2023-03-30-15:01:58+02:00
51,RedAndBlack_r5_r5_d125,10,2023-03-30-15:02:16+02:00
51,Soldier_r5_r5_d500,10,2023-03-30-15:02:28+02:00
51,RedAndBlack_r3_r3_d500,10,2023-03-30-15:02:40+02:00
51,RedAndBlack_r1_r1_d250,8,2023-03-30-15:02:55+02:00
51,RedAndBlack_r5_r5_d500,9,2023-03-30-15:03:08+02:00
51,Soldier_r3_r3_d125,10,2023-03-30-15:03:24+02:00
51,Soldier_r5_r5_d250,10,2023-03-30-15:03:37+02:00
51,Soldier_r1_r1_d500,8,2023-03-30-15:03:51+02:00
51,Soldier_r3_r3_d250,9,2023-03-30-15:04:05+02:00
51,Soldier_r3_r3_d500,10,2023-03-30-15:04:18+02:00
51,Soldier_r5_r5_d125,10,2023-03-30-15:04:31+02:00
51,RedAndBlack_r3_r3_d250,9,2023-03-30-15:04:45+02:00
52,LongDress_r1_r1_d500,3,2023-03-30-15:44:33+02:00
52,Loot_r1_r3_d500,5,2023-03-30-15:44:50+02:00
52,LongDress_r3_r5_d500,5,2023-03-30-15:45:07+02:00
52,Loot_r5_r3_d500,7,2023-03-30-15:45:26+02:00
52,Loot_r5_r5_d500,6,2023-03-30-15:45:43+02:00
52,Loot_r1_r5_d500,3,2023-03-30-15:45:57+02:00
52,Loot_r3_r1_d500,2,2023-03-30-15:46:10+02:00
52,Loot_r1_r1_d500,2,2023-03-30-15:46:23+02:00
52,LongDress_r3_r1_d500,3,2023-03-30-15:46:39+02:00
52,LongDress_r3_r3_d500,4,2023-03-30-15:46:55+02:00
52,LongDress_r5_r1_d500,4,2023-03-30-15:47:08+02:00
52,LongDress_r5_r5_d500,6,2023-03-30-15:47:30+02:00
52,Loot_r5_r1_d500,4,2023-03-30-15:47:49+02:00
52,Loot_r3_r3_d500,7,2023-03-30-15:48:02+02:00
52,LongDress_r5_r3_d500,5,2023-03-30-15:48:18+02:00
52,Loot_r3_r5_d500,6,2023-03-30-15:48:31+02:00
52,LongDress_r1_r5_d500,3,2023-03-30-15:48:47+02:00
52,LongDress_r1_r3_d500,3,2023-03-30-15:49:00+02:00
52,RedAndBlack_r5_r5_d500,7,2023-03-30-15:49:41+02:00
52,Soldier_r1_r1_d125,2,2023-03-30-15:50:02+02:00
52,RedAndBlack_r1_r1_d500,3,2023-03-30-15:50:18+02:00
52,Soldier_r3_r3_d125,5,2023-03-30-15:50:32+02:00
52,RedAndBlack_r5_r5_d250,6,2023-03-30-15:50:45+02:00
52,RedAndBlack_r1_r1_d250,2,2023-03-30-15:51:02+02:00
52,Soldier_r3_r3_d500,4,2023-03-30-15:51:17+02:00
52,Soldier_r1_r1_d250,2,2023-03-30-15:51:37+02:00
52,Soldier_r1_r1_d500,2,2023-03-30-15:51:52+02:00
52,RedAndBlack_r3_r3_d250,4,2023-03-30-15:52:09+02:00
52,RedAndBlack_r3_r3_d500,4,2023-03-30-15:52:24+02:00
52,Soldier_r3_r3_d250,6,2023-03-30-15:53:04+02:00
52,RedAndBlack_r5_r5_d125,5,2023-03-30-15:53:24+02:00
52,RedAndBlack_r1_r1_d125,3,2023-03-30-15:53:51+02:00
52,RedAndBlack_r3_r3_d125,4,2023-03-30-15:54:06+02:00
52,Soldier_r5_r5_d500,8,2023-03-30-15:54:22+02:00
52,Soldier_r5_r5_d125,6,2023-03-30-15:54:48+02:00
52,Soldier_r5_r5_d250,7,2023-03-30-15:55:06+02:00
53,LongDress_r3_r3_d500,9,2023-03-31-09:09:26+02:00
53,Loot_r1_r1_d500,8,2023-03-31-09:09:45+02:00
53,LongDress_r1_r5_d500,8,2023-03-31-09:09:58+02:00
53,LongDress_r1_r3_d500,8,2023-03-31-09:10:12+02:00
53,Loot_r5_r5_d500,9,2023-03-31-09:10:26+02:00
53,Loot_r1_r5_d500,9,2023-03-31-09:10:39+02:00
53,LongDress_r5_r3_d500,9,2023-03-31-09:10:53+02:00
53,Loot_r3_r1_d500,9,2023-03-31-09:11:13+02:00
53,LongDress_r1_r1_d500,8,2023-03-31-09:11:27+02:00
53,LongDress_r3_r5_d500,9,2023-03-31-09:11:40+02:00
53,Loot_r3_r3_d500,9,2023-03-31-09:11:53+02:00
53,Loot_r3_r5_d500,9,2023-03-31-09:12:05+02:00
53,LongDress_r5_r5_d500,9,2023-03-31-09:12:17+02:00
53,Loot_r5_r3_d500,10,2023-03-31-09:12:30+02:00
53,Loot_r5_r1_d500,10,2023-03-31-09:12:42+02:00
53,Loot_r1_r3_d500,8,2023-03-31-09:12:56+02:00
53,LongDress_r3_r1_d500,8,2023-03-31-09:13:08+02:00
53,LongDress_r5_r1_d500,8,2023-03-31-09:13:19+02:00
53,Soldier_r1_r1_d125,5,2023-03-31-09:13:46+02:00
53,RedAndBlack_r5_r5_d250,7,2023-03-31-09:13:59+02:00
53,Soldier_r5_r5_d125,8,2023-03-31-09:14:14+02:00
53,RedAndBlack_r5_r5_d500,7,2023-03-31-09:14:27+02:00
53,RedAndBlack_r3_r3_d125,8,2023-03-31-09:14:40+02:00
53,RedAndBlack_r1_r1_d500,7,2023-03-31-09:14:53+02:00
53,Soldier_r1_r1_d250,6,2023-03-31-09:15:07+02:00
53,Soldier_r3_r3_d500,7,2023-03-31-09:15:20+02:00
53,RedAndBlack_r1_r1_d250,6,2023-03-31-09:15:34+02:00
53,RedAndBlack_r3_r3_d500,8,2023-03-31-09:15:47+02:00
53,Soldier_r1_r1_d500,6,2023-03-31-09:16:01+02:00
53,RedAndBlack_r1_r1_d125,6,2023-03-31-09:16:12+02:00
53,Soldier_r5_r5_d500,8,2023-03-31-09:16:26+02:00
53,Soldier_r5_r5_d250,10,2023-03-31-09:16:41+02:00
53,RedAndBlack_r5_r5_d125,10,2023-03-31-09:16:52+02:00
53,RedAndBlack_r3_r3_d250,8,2023-03-31-09:17:08+02:00
53,Soldier_r3_r3_d250,8,2023-03-31-09:17:20+02:00
53,Soldier_r3_r3_d125,8,2023-03-31-09:17:32+02:00
54,Soldier_r3_r3_d500,5,2023-03-31-09:24:32+02:00
54,RedAndBlack_r3_r3_d500,5,2023-03-31-09:24:44+02:00
54,Soldier_r3_r3_d125,2,2023-03-31-09:24:57+02:00
54,RedAndBlack_r5_r5_d250,6,2023-03-31-09:25:15+02:00
54,Soldier_r1_r1_d125,1,2023-03-31-09:25:31+02:00
54,Soldier_r1_r1_d250,4,2023-03-31-09:25:44+02:00
54,RedAndBlack_r1_r1_d250,4,2023-03-31-09:25:55+02:00
54,RedAndBlack_r1_r1_d125,2,2023-03-31-09:26:08+02:00
54,Soldier_r1_r1_d500,5,2023-03-31-09:26:21+02:00
54,RedAndBlack_r3_r3_d250,6,2023-03-31-09:26:36+02:00
54,RedAndBlack_r5_r5_d125,7,2023-03-31-09:26:48+02:00
54,Soldier_r5_r5_d250,7,2023-03-31-09:27:01+02:00
54,Soldier_r3_r3_d250,6,2023-03-31-09:27:14+02:00
54,Soldier_r5_r5_d125,6,2023-03-31-09:27:26+02:00
54,RedAndBlack_r1_r1_d500,6,2023-03-31-09:27:42+02:00
54,Soldier_r5_r5_d500,7,2023-03-31-09:27:58+02:00
54,RedAndBlack_r3_r3_d125,3,2023-03-31-09:28:13+02:00
54,RedAndBlack_r5_r5_d500,7,2023-03-31-09:28:29+02:00
54,LongDress_r5_r1_d500,5,2023-03-31-09:28:50+02:00
54,Loot_r3_r5_d500,7,2023-03-31-09:29:05+02:00
54,LongDress_r1_r1_d500,5,2023-03-31-09:29:18+02:00
54,LongDress_r5_r5_d500,7,2023-03-31-09:29:31+02:00
54,Loot_r5_r3_d500,7,2023-03-31-09:29:44+02:00
54,LongDress_r1_r3_d500,5,2023-03-31-09:29:58+02:00
54,Loot_r1_r3_d500,5,2023-03-31-09:30:10+02:00
54,Loot_r5_r5_d500,8,2023-03-31-09:30:24+02:00
54,LongDress_r3_r1_d500,6,2023-03-31-09:30:37+02:00
54,LongDress_r1_r5_d500,4,2023-03-31-09:30:51+02:00
54,Loot_r5_r1_d500,6,2023-03-31-09:31:06+02:00
54,Loot_r1_r5_d500,7,2023-03-31-09:31:23+02:00
54,LongDress_r3_r3_d500,6,2023-03-31-09:31:37+02:00
54,Loot_r1_r1_d500,4,2023-03-31-09:31:50+02:00
54,Loot_r3_r1_d500,7,2023-03-31-09:32:03+02:00
54,LongDress_r5_r3_d500,7,2023-03-31-09:32:15+02:00
54,LongDress_r3_r5_d500,8,2023-03-31-09:32:26+02:00
54,Loot_r3_r3_d500,5,2023-03-31-09:32:40+02:00
55,LongDress_r5_r1_d500,10,2023-03-31-14:59:07+02:00
55,LongDress_r3_r3_d500,5,2023-03-31-14:59:38+02:00
55,Loot_r5_r5_d500,9,2023-03-31-14:59:55+02:00
55,LongDress_r1_r1_d500,9,2023-03-31-15:00:08+02:00
55,Loot_r3_r3_d500,8,2023-03-31-15:00:34+02:00
55,LongDress_r5_r3_d500,9,2023-03-31-15:00:48+02:00
55,Loot_r3_r1_d500,10,2023-03-31-15:01:02+02:00
55,LongDress_r1_r3_d500,9,2023-03-31-15:01:16+02:00
55,LongDress_r3_r1_d500,9,2023-03-31-15:01:29+02:00
55,Loot_r5_r1_d500,10,2023-03-31-15:01:42+02:00
55,Loot_r1_r5_d500,10,2023-03-31-15:01:53+02:00
55,LongDress_r3_r5_d500,10,2023-03-31-15:02:05+02:00
55,Loot_r3_r5_d500,10,2023-03-31-15:02:16+02:00
55,LongDress_r5_r5_d500,9,2023-03-31-15:02:30+02:00
55,LongDress_r1_r5_d500,8,2023-03-31-15:02:45+02:00
55,Loot_r1_r3_d500,9,2023-03-31-15:02:58+02:00
55,Loot_r5_r3_d500,10,2023-03-31-15:03:11+02:00
55,Loot_r1_r1_d500,8,2023-03-31-15:03:29+02:00
55,Soldier_r3_r3_d125,6,2023-03-31-15:03:53+02:00
55,RedAndBlack_r3_r3_d250,7,2023-03-31-15:04:08+02:00
55,RedAndBlack_r5_r5_d500,7,2023-03-31-15:04:23+02:00
55,RedAndBlack_r3_r3_d500,7,2023-03-31-15:04:36+02:00
55,Soldier_r5_r5_d500,8,2023-03-31-15:04:49+02:00
55,RedAndBlack_r5_r5_d250,7,2023-03-31-15:05:02+02:00
55,Soldier_r5_r5_d250,7,2023-03-31-15:05:14+02:00
55,Soldier_r3_r3_d500,3,2023-03-31-15:05:38+02:00
55,Soldier_r1_r1_d250,3,2023-03-31-15:05:50+02:00
55,Soldier_r1_r1_d500,3,2023-03-31-15:06:01+02:00
55,Soldier_r1_r1_d125,3,2023-03-31-15:06:14+02:00
55,RedAndBlack_r1_r1_d250,4,2023-03-31-15:06:28+02:00
55,RedAndBlack_r3_r3_d125,5,2023-03-31-15:06:42+02:00
55,RedAndBlack_r1_r1_d500,8,2023-03-31-15:07:01+02:00
55,RedAndBlack_r5_r5_d125,8,2023-03-31-15:07:13+02:00
55,Soldier_r3_r3_d250,8,2023-03-31-15:07:25+02:00
55,RedAndBlack_r1_r1_d125,5,2023-03-31-15:07:40+02:00
55,Soldier_r5_r5_d125,6,2023-03-31-15:07:53+02:00
56,Soldier_r5_r5_d125,5,2023-03-31-15:39:21+02:00
56,RedAndBlack_r3_r3_d500,7,2023-03-31-15:39:35+02:00
56,Soldier_r1_r1_d500,4,2023-03-31-15:39:51+02:00
56,RedAndBlack_r3_r3_d250,8,2023-03-31-15:40:05+02:00
56,Soldier_r5_r5_d500,6,2023-03-31-15:40:21+02:00
56,Soldier_r3_r3_d125,5,2023-03-31-15:40:33+02:00
56,RedAndBlack_r5_r5_d125,8,2023-03-31-15:40:54+02:00
56,Soldier_r3_r3_d250,7,2023-03-31-15:41:09+02:00
56,Soldier_r5_r5_d250,8,2023-03-31-15:41:24+02:00
56,RedAndBlack_r1_r1_d125,5,2023-03-31-15:41:41+02:00
56,RedAndBlack_r3_r3_d125,5,2023-03-31-15:41:59+02:00
56,RedAndBlack_r1_r1_d250,4,2023-03-31-15:42:12+02:00
56,RedAndBlack_r1_r1_d500,4,2023-03-31-15:42:23+02:00
56,Soldier_r1_r1_d250,3,2023-03-31-15:42:37+02:00
56,Soldier_r3_r3_d500,4,2023-03-31-15:42:53+02:00
56,RedAndBlack_r5_r5_d250,7,2023-03-31-15:43:12+02:00
56,RedAndBlack_r5_r5_d500,6,2023-03-31-15:43:27+02:00
56,Soldier_r1_r1_d125,3,2023-03-31-15:43:42+02:00
56,Loot_r5_r5_d500,5,2023-03-31-15:44:08+02:00
56,LongDress_r3_r3_d500,5,2023-03-31-15:44:20+02:00
56,Loot_r5_r1_d500,4,2023-03-31-15:44:34+02:00
56,Loot_r3_r5_d500,5,2023-03-31-15:44:46+02:00
56,LongDress_r5_r3_d500,6,2023-03-31-15:44:59+02:00
56,LongDress_r1_r3_d500,4,2023-03-31-15:45:12+02:00
56,LongDress_r3_r1_d500,3,2023-03-31-15:45:25+02:00
56,LongDress_r5_r5_d500,7,2023-03-31-15:45:40+02:00
56,LongDress_r3_r5_d500,5,2023-03-31-15:45:55+02:00
56,LongDress_r1_r1_d500,3,2023-03-31-15:46:08+02:00
56,Loot_r5_r3_d500,6,2023-03-31-15:46:22+02:00
56,Loot_r1_r1_d500,4,2023-03-31-15:46:38+02:00
56,Loot_r1_r3_d500,5,2023-03-31-15:46:50+02:00
56,Loot_r3_r3_d500,6,2023-03-31-15:47:04+02:00
56,LongDress_r1_r5_d500,5,2023-03-31-15:47:17+02:00
56,Loot_r1_r5_d500,4,2023-03-31-15:47:34+02:00
56,Loot_r3_r1_d500,4,2023-03-31-15:47:45+02:00
56,LongDress_r5_r1_d500,6,2023-03-31-15:47:59+02:00